{
    "cam0": {
        "trans": [
            100,
            500,
            600
        ],
        "rot": [
            [
                0.4080821,
                -0.9129453,
                0.0000000
            ],
            [
                0.4795902,
                0.2143745,
                -0.8509035
            ],
            [
                0.7768283,
                0.3472385,
                0.5253220
            ]
        ]
    },
    "cam1": {
        "trans": [
            100,
            500,
            600
        ],
        "rot": [
            [
                0.4080821,
                -0.9129453,
                0.0000000
            ],
            [
                0.4795902,
                0.2143745,
                -0.8509035
            ],
            [
                0.7768283,
                0.3472385,
                0.5253220
            ]
        ]
    },
    "cam2": {
        "trans": [
            100,
            500,
            600
        ],
        "rot": [
            [
                0.4080821,
                -0.9129453,
                0.0000000
            ],
            [
                0.4795902,
                0.2143745,
                -0.8509035
            ],
            [
                0.7768283,
                0.3472385,
                0.5253220
            ]
        ]
    },
    "cam3": {
        "trans": [
            100,
            500,
            600
        ],
        "rot": [
            [
                0.4080821,
                -0.9129453,
                0.0000000
            ],
            [
                0.4795902,
                0.2143745,
                -0.8509035
            ],
            [
                0.7768283,
                0.3472385,
                0.5253220
            ]
        ]
    },
    "cam4": {
        "trans": [
            100,
            500,
            600
        ],
        "rot": [
            [
                0.4080821,
                -0.9129453,
                0.0000000
            ],
            [
                0.4795902,
                0.2143745,
                -0.8509035
            ],
            [
                0.7768283,
                0.3472385,
                0.5253220
            ]
        ]
    },
    "cam5": {
        "trans": [
            100,
            500,
            600
        ],
        "rot": [
            [
                0.4080821,
                -0.9129453,
                0.0000000
            ],
            [
                0.4795902,
                0.2143745,
                -0.8509035
            ],
            [
                0.7768283,
                0.3472385,
                0.5253220
            ]
        ]
    },
    "cam6": {
        "trans": [
            100,
            500,
            600
        ],
        "rot": [
            [
                0.4080821,
                -0.9129453,
                0.0000000
            ],
            [
                0.4795902,
                0.2143745,
                -0.8509035
            ],
            [
                0.7768283,
                0.3472385,
                0.5253220
            ]
        ]
    },
    "cam7": {
        "trans": [
            100,
            500,
            600
        ],
        "rot": [
            [
                0.4080821,
                -0.9129453,
                0.0000000
            ],
            [
                0.4795902,
                0.2143745,
                -0.8509035
            ],
            [
                0.7768283,
                0.3472385,
                0.5253220
            ]
        ]
    }
}